<?xml version="1.0" encoding="UTF-8"?>
<project-private xmlns="http://www.netbeans.org/ns/project-private/1">
    <editor-bookmarks xmlns="http://www.netbeans.org/ns/editor-bookmarks/2" lastBookmarkId="0"/>
    <open-files xmlns="http://www.netbeans.org/ns/projectui-open-files/2">
        <group>
            <file>file:/C:/Users/Leonardo/OneDrive/Universidade/1-ano/---------2Semestre---------/PP/PP_FP09_Parte1/src/pp_fp09/programming/ProjectManager.java</file>
            <file>file:/C:/Users/Leonardo/OneDrive/Universidade/1-ano/---------2Semestre---------/PP/PP_FP09_Parte1/src/pp_fp09/programming/Person.java</file>
            <file>file:/C:/Users/Leonardo/OneDrive/Universidade/1-ano/---------2Semestre---------/PP/PP_FP09_Parte1/src/Enumerations/TipContrato.java</file>
            <file>file:/C:/Users/Leonardo/OneDrive/Universidade/1-ano/---------2Semestre---------/PP/PP_FP09_Parte1/src/pp_fp09/programming/ProgrammerDemo.java</file>
            <file>file:/C:/Users/Leonardo/OneDrive/Universidade/1-ano/---------2Semestre---------/PP/PP_FP09_Parte1/src/pp_fp09/programming/Administrative.java</file>
            <file>file:/C:/Users/Leonardo/OneDrive/Universidade/1-ano/---------2Semestre---------/PP/PP_FP09_Parte1/src/pp_fp09/programming/JavaProgrammer.java</file>
            <file>file:/C:/Users/Leonardo/OneDrive/Universidade/1-ano/---------2Semestre---------/PP/PP_FP09_Parte1/src/Enumerations/HabilitacoesLiterarias.java</file>
            <file>file:/C:/Users/Leonardo/OneDrive/Universidade/1-ano/---------2Semestre---------/PP/PP_FP09_Parte1/src/Enumerations/ProgrammerType.java</file>
        </group>
    </open-files>
</project-private>
