{
  "orderId": 1,
  "destination": {
    "address": {
      "country": "country A2",
      "number": 2,
      "street": "street A2",
      "city": "city A2",
      "state": "state A2"
    },
    "name": "Jane Doe"
  },
  "containers": [
    {
      "volume": 125000,
      "reference": "c1",
      "depth": 50,
      "color": "white",
      "length": 50,
      "colorEdge": "black",
      "items": [
        {
          "reference": "ITEM1",
          "depth": 1,
          "color": "aqua",
          "x": 0,
          "length": 1,
          "y": 0,
          "description": "ITEM1",
          "z": 0,
          "colorEdge": "aqua",
          "height": 1
        },
        {
          "reference": "ITEM2",
          "depth": 2,
          "color": "blue",
          "x": 10,
          "length": 2,
          "y": 0,
          "description": "ITEM1",
          "z": 0,
          "colorEdge": "blue",
          "height": 2
        },
        {
          "reference": "ITEM3",
          "depth": 3,
          "color": "gray",
          "x": 20,
          "length": 3,
          "y": 0,
          "description": "ITEM1",
          "z": 0,
          "colorEdge": "gray",
          "height": 3
        }
      ],
      "height": 50,
      "occupiedVolume": 36
    },
    {
      "volume": 125000,
      "reference": "c2",
      "depth": 50,
      "color": "white",
      "length": 50,
      "colorEdge": "black",
      "items": [
        {
          "reference": "ITEM1",
          "depth": 1,
          "color": "lime",
          "x": 0,
          "length": 1,
          "y": 0,
          "description": "ITEM1",
          "z": 0,
          "colorEdge": "lime",
          "height": 1
        },
        {
          "reference": "ITEM2",
          "depth": 2,
          "color": "maroon",
          "x": 10,
          "length": 2,
          "y": 0,
          "description": "ITEM1",
          "z": 0,
          "colorEdge": "maroon",
          "height": 2
        },
        {
          "reference": "ITEM3",
          "depth": 3,
          "color": "teal",
          "x": 15,
          "length": 3,
          "y": 0,
          "description": "ITEM1",
          "z": 0,
          "colorEdge": "teal",
          "height": 3
        }
      ],
      "height": 50,
      "occupiedVolume": 36
    }
  ],
  "status": "RECEIVED",
  "customer": {
    "address": {
      "country": "country A1",
      "number": 1,
      "street": "street A1",
      "city": "city A1",
      "state": "state A1"
    },
    "name": "John Doe",
    "id": 1,
    "billingAddress": {
      "country": "country A1",
      "number": 1,
      "street": "street A1",
      "city": "city A1",
      "state": "state A1"
    }
  }
}