<?xml version="1.0" encoding="UTF-8"?>
<project-private xmlns="http://www.netbeans.org/ns/project-private/1">
    <editor-bookmarks xmlns="http://www.netbeans.org/ns/editor-bookmarks/2" lastBookmarkId="0"/>
    <open-files xmlns="http://www.netbeans.org/ns/projectui-open-files/2">
        <group>
            <file>file:/C:/Users/Joaquim%20Matos/Desktop/PP_AC_8220216_8220183/Projeto_PP/src/projeto_pp/EditionImpl.java</file>
            <file>file:/C:/Users/Joaquim%20Matos/Desktop/PP_AC_8220216_8220183/Projeto_PP/src/projeto_pp/Managers/ManageEditions.java</file>
            <file>file:/C:/Users/Joaquim%20Matos/Desktop/PP_AC_8220216_8220183/Projeto_PP/src/projeto_pp/Participants/ContactImpl.java</file>
            <file>file:/C:/Users/Joaquim%20Matos/Desktop/PP_AC_8220216_8220183/Projeto_PP/src/projeto_pp/Participants/FacilitatorImpl.java</file>
            <file>file:/C:/Users/Joaquim%20Matos/Desktop/PP_AC_8220216_8220183/Projeto_PP/src/projeto_pp/ProjectImpl.java</file>
            <file>file:/C:/Users/Joaquim%20Matos/Desktop/PP_AC_8220216_8220183/Projeto_PP/src/projeto_pp/Participants/ParticipantImpl.java</file>
            <file>file:/C:/Users/Joaquim%20Matos/Desktop/PP_AC_8220216_8220183/Projeto_PP/src/projeto_pp/Participants/StudentImpl.java</file>
            <file>file:/C:/Users/Joaquim%20Matos/Desktop/PP_AC_8220216_8220183/Projeto_PP/src/projeto_pp/Participants/PartnerImpl.java</file>
            <file>file:/C:/Users/Joaquim%20Matos/Desktop/PP_AC_8220216_8220183/Projeto_PP/src/projeto_pp/Participants/InstituitionImpl.java</file>
        </group>
    </open-files>
</project-private>
